"id","code","name","start_date","end_date","simbol","bandera"
"waybill_unidad_peso_Tu","Tu","Contenedor externo","2021-06-01",,,"Embalaje"
"waybill_unidad_peso_X1A","X1A","Tambor de acero","2021-06-01",,,"Embalaje"
"waybill_unidad_peso_X1B","X1B","Tambor de aluminio","2021-06-01",,,"Embalaje"
"waybill_unidad_peso_X1D","X1D","Tambor contrachapado","2021-06-01",,,"Embalaje"
"waybill_unidad_peso_X1F","X1F","Contenedor flexible","2021-06-01",,,"Embalaje"
"waybill_unidad_peso_X1G","X1G","Tambor de fibra","2021-06-01",,,"Embalaje"
"waybill_unidad_peso_X1w","X1w","Tambor de madera","2021-06-01",,,"Embalaje"
"waybill_unidad_peso_X2C","X2C","Barril de madera","2021-06-01",,,"Embalaje"
"waybill_unidad_peso_X3A","X3A","Bidón de acero","2021-06-01",,,"Embalaje"
"waybill_unidad_peso_X3H","X3H","Bidón de plástico","2021-06-01",,,"Embalaje"
"waybill_unidad_peso_X43","X43","Bolsa de gran tamaño","2021-06-01",,,"Embalaje"
"waybill_unidad_peso_X44","X44","Bolsa de plástico","2021-06-01",,,"Embalaje"
"waybill_unidad_peso_X4A","X4A","Caja de acero","2021-06-01",,,"Embalaje"
"waybill_unidad_peso_X4B","X4B","Caja de aluminio","2021-06-01",,,"Embalaje"
"waybill_unidad_peso_X4C","X4C","Caja de  madera natural","2021-06-01",,,"Embalaje"
"waybill_unidad_peso_X4D","X4D","Caja de contrachapado","2021-06-01",,,"Embalaje"
"waybill_unidad_peso_X4F","X4F","Caja de madera reconstituida","2021-06-01",,,"Embalaje"
"waybill_unidad_peso_X4G","X4G","Caja de cartón","2021-06-01",,,"Embalaje"
"waybill_unidad_peso_X4H","X4H","Caja de plástico","2021-06-01",,,"Embalaje"
"waybill_unidad_peso_X5H","X5H","Bolsa de plástico tejido","2021-06-01",,,"Embalaje"
"waybill_unidad_peso_X5L","X5L","Bolsa textil","2021-06-01",,,"Embalaje"
"waybill_unidad_peso_X5M","X5M","Bolsa de papel","2021-06-01",,,"Embalaje"
"waybill_unidad_peso_X6H","X6H","Recipiente de plástico, Contenedor compuesto.","2021-06-01",,,"Embalaje"
"waybill_unidad_peso_X6P","X6P","Recipiente de vidrio, Contenedor compuesto.","2021-06-01",,,"Embalaje"
"waybill_unidad_peso_X7A","X7A","Estuche para carro","2021-06-01",,,"Embalaje"
"waybill_unidad_peso_X7B","X7B","Estuche de madera","2021-06-01",,,"Embalaje"
"waybill_unidad_peso_X8A","X8A","Pallet de madera","2021-06-01",,,"Embalaje"
"waybill_unidad_peso_X8B","X8B","Cajón de madera","2021-06-01",,,"Embalaje"
"waybill_unidad_peso_X8C","X8C","Madera flejada","2021-06-01",,,"Embalaje"
"waybill_unidad_peso_XAA","XAA","Contenedor intermedio  para gráneles de plástico rígido","2021-06-01",,,"Embalaje"
"waybill_unidad_peso_XAB","XAB","Contenedor de fibra","2021-06-01",,,"Embalaje"
"waybill_unidad_peso_XAC","XAC","Contenedor de papel","2021-06-01",,,"Embalaje"
"waybill_unidad_peso_XAD","XAD","Contenedor de madera","2021-06-01",,,"Embalaje"
"waybill_unidad_peso_XAE","XAE","Aerosol","2021-06-01",,,"Embalaje"
"waybill_unidad_peso_XAF","XAF","Pallet modular con collares,  80cms * 60cms","2021-06-01",,,"Embalaje"
"waybill_unidad_peso_XAG","XAG","Pallet o empaquetado","2021-06-01",,,"Embalaje"
"waybill_unidad_peso_XAH","XAH","Pallet, 100cms X 110cms","2021-06-01",,,"Embalaje"
"waybill_unidad_peso_XAI","XAI","Contenedor tipo concha","2021-06-01",,,"Embalaje"
"waybill_unidad_peso_XAJ","XAJ","Cono","2021-06-01",,,"Embalaje"
"waybill_unidad_peso_XAL","XAL","Esfera","2021-06-01",,,"Embalaje"
"waybill_unidad_peso_XAM","XAM","Ampolleta no protegida","2021-06-01",,,"Embalaje"
"waybill_unidad_peso_XAP","XAP","Ampolleta protegida","2021-06-01",,,"Embalaje"
"waybill_unidad_peso_XAT","XAT","Atomizador","2021-06-01",,,"Embalaje"
"waybill_unidad_peso_XAV","XAV","Cápsula","2021-06-01",,,"Embalaje"
"waybill_unidad_peso_XB4","XB4","Cinturón","2021-06-01",,,"Embalaje"
"waybill_unidad_peso_XBA","XBA","Barril","2021-06-01",,,"Embalaje"
"waybill_unidad_peso_XBB","XBB","Bobina","2021-06-01",,,"Embalaje"
"waybill_unidad_peso_XBC","XBC","Cajón para botellas / Estante para botellas","2021-06-01",,,"Embalaje"
"waybill_unidad_peso_XBD","XBD","Tablero","2021-06-01",,,"Embalaje"
"waybill_unidad_peso_XBE","XBE","Flejado","2021-06-01",,,"Embalaje"
"waybill_unidad_peso_XBF","XBF","Globo no protegido","2021-06-01",,,"Embalaje"
"waybill_unidad_peso_XBG","XBG","Bolso","2021-06-01",,,"Embalaje"
"waybill_unidad_peso_XBH","XBH","Manojo","2021-06-01",,,"Embalaje"
"waybill_unidad_peso_XBI","XBI","Compartimiento","2021-06-01",,,"Embalaje"
"waybill_unidad_peso_XBJ","XBJ","Cubeta","2021-06-01",,,"Embalaje"
"waybill_unidad_peso_XBK","XBK","Cesta","2021-06-01",,,"Embalaje"
"waybill_unidad_peso_XBL","XBL","Paca comprimida","2021-06-01",,,"Embalaje"
"waybill_unidad_peso_XBM","XBM","Cuenco","2021-06-01",,,"Embalaje"
"waybill_unidad_peso_XBN","XBN","Paca no comprimida","2021-06-01",,,"Embalaje"
"waybill_unidad_peso_XBO","XBO","Botella no-protegida y cilíndrica","2021-06-01",,,"Embalaje"
"waybill_unidad_peso_XBP","XBP","Globo protegido","2021-06-01",,,"Embalaje"
"waybill_unidad_peso_XBQ","XBQ","Botella cilíndrica protegida","2021-06-01",,,"Embalaje"
"waybill_unidad_peso_XBR","XBR","Barra","2021-06-01",,,"Embalaje"
"waybill_unidad_peso_XBS","XBS","Botella, no-protegida en forma de bulbo","2021-06-01",,,"Embalaje"
"waybill_unidad_peso_XBT","XBT","Rollo de tela","2021-06-01",,,"Embalaje"
"waybill_unidad_peso_XBU","XBU","Butt","2021-06-01",,,"Embalaje"
"waybill_unidad_peso_XBV","XBV","Botella de bulbo protegido","2021-06-01",,,"Embalaje"
"waybill_unidad_peso_XBW","XBW","Caja para líquidos","2021-06-01",,,"Embalaje"
"waybill_unidad_peso_XBX","XBX","Caja","2021-06-01",,,"Embalaje"
"waybill_unidad_peso_XBY","XBY","Tablero, con fleje/ agrupados/ armados","2021-06-01",,,"Embalaje"
"waybill_unidad_peso_XBZ","XBZ","Barras, con fleje/ agrupados/ armados","2021-06-01",,,"Embalaje"
"waybill_unidad_peso_XCA","XCA","Lata rectangular","2021-06-01",,,"Embalaje"
"waybill_unidad_peso_XCB","XCB","Cajón para cerveza","2021-06-01",,,"Embalaje"
"waybill_unidad_peso_XCC","XCC","Mantequera","2021-06-01",,,"Embalaje"
"waybill_unidad_peso_XCD","XCD","Lata con mango y boquilla","2021-06-01",,,"Embalaje"
"waybill_unidad_peso_XCE","XCE","Cesto tejido","2021-06-01",,,"Embalaje"
"waybill_unidad_peso_XCF","XCF","Cofre","2021-06-01",,,"Embalaje"
"waybill_unidad_peso_XCG","XCG","Contenedor tipo Jaula","2021-06-01",,,"Embalaje"
"waybill_unidad_peso_XCH","XCH","Cajonera","2021-06-01",,,"Embalaje"
"waybill_unidad_peso_XCI","XCI","Frasco","2021-06-01",,,"Embalaje"
"waybill_unidad_peso_XCJ","XCJ","Ataúd","2021-06-01",,,"Embalaje"
"waybill_unidad_peso_XCK","XCK","Barrica","2021-06-01",,,"Embalaje"
"waybill_unidad_peso_XCL","XCL","Espiral","2021-06-01",,,"Embalaje"
"waybill_unidad_peso_XCM","XCM","Paquete de tarjetas","2021-06-01",,,"Embalaje"
"waybill_unidad_peso_XCN","XCN","Contenedor, no especificado como equipo de transporte","2021-06-01",,,"Embalaje"
"waybill_unidad_peso_XCO","XCO","Garrafón no protegido","2021-06-01",,,"Embalaje"
"waybill_unidad_peso_XCP","XCP","Garrafón protegido","2021-06-01",,,"Embalaje"
"waybill_unidad_peso_XCQ","XCQ","Cartucho","2021-06-01",,,"Embalaje"
"waybill_unidad_peso_XCR","XCR","Cajón","2021-06-01",,,"Embalaje"
"waybill_unidad_peso_XCS","XCS","Estuche","2021-06-01",,,"Embalaje"
"waybill_unidad_peso_XCT","XCT","Cartón","2021-06-01",,,"Embalaje"
"waybill_unidad_peso_XCU","XCU","Vaso","2021-06-01",,,"Embalaje"
"waybill_unidad_peso_XCV","XCV","Cubierta","2021-06-01",,,"Embalaje"
"waybill_unidad_peso_XCW","XCW","Jaula estilo rodillo","2021-06-01",,,"Embalaje"
"waybill_unidad_peso_XCX","XCX","Lata cilíndrica","2021-06-01",,,"Embalaje"
"waybill_unidad_peso_XCY","XCY","Cilindro","2021-06-01",,,"Embalaje"
"waybill_unidad_peso_XCZ","XCZ","Lona","2021-06-01",,,"Embalaje"
"waybill_unidad_peso_XDA","XDA","Cajón multicapa de plástico","2021-06-01",,,"Embalaje"
"waybill_unidad_peso_XDB","XDB","Cajón de varias capas de madera","2021-06-01",,,"Embalaje"
"waybill_unidad_peso_XDC","XDC","Cajón multicapa de cartón","2021-06-01",,,"Embalaje"
"waybill_unidad_peso_XDG","XDG","Jaula, Según la clasificación de la compañía (Commonwealth Handling Equipment Pool (CHEP))","2021-06-01",,,"Embalaje"
"waybill_unidad_peso_XDH","XDH","Caja, Según la clasificación de la compañía (CHEP), Eurobox","2021-06-01",,,"Embalaje"
"waybill_unidad_peso_XDI","XDI","Tambor de hierro","2021-06-01",,,"Embalaje"
"waybill_unidad_peso_XDJ","XDJ","damajuana o garrafa, no protegido","2021-06-01",,,"Embalaje"
"waybill_unidad_peso_XDK","XDK","Cajón a granel, cartón","2021-06-01",,,"Embalaje"
"waybill_unidad_peso_XDL","XDL","Cajas de plástico","2021-06-01",,,"Embalaje"
"waybill_unidad_peso_XDM","XDM","Cajones a granel de madera","2021-06-01",,,"Embalaje"
"waybill_unidad_peso_XDN","XDN","Dispensador","2021-06-01",,,"Embalaje"
"waybill_unidad_peso_XDP","XDP","damajuana o garrafa, protegido","2021-06-01",,,"Embalaje"
"waybill_unidad_peso_XDR","XDR","Tambor","2021-06-01",,,"Embalaje"
"waybill_unidad_peso_XDS","XDS","Bandeja de una capa sin cubierta y de plástico","2021-06-01",,,"Embalaje"
"waybill_unidad_peso_XDT","XDT","Bandeja de una capa sin cubierta y de madera","2021-06-01",,,"Embalaje"
"waybill_unidad_peso_XDU","XDU","Bandeja de una capa sin cubierta y  poliestireno","2021-06-01",,,"Embalaje"
"waybill_unidad_peso_XDV","XDV","Bandeja de una capa sin cubierta y de cartón","2021-06-01",,,"Embalaje"
"waybill_unidad_peso_XDW","XDW","Bandeja de dos capas sin tapa y con bandeja de plástico","2021-06-01",,,"Embalaje"
"waybill_unidad_peso_XDX","XDX","Bandeja de dos capas sin cubierta y de madera","2021-06-01",,,"Embalaje"
"waybill_unidad_peso_XDY","XDY","Bandeja de dos capas sin cubierta y de cartón","2021-06-01",,,"Embalaje"
"waybill_unidad_peso_XEC","XEC","Bolsa de plástico","2021-06-01",,,"Embalaje"
"waybill_unidad_peso_XED","XED","Estuche, con pallet de base","2021-06-01",,,"Embalaje"
"waybill_unidad_peso_XEE","XEE","Estuche, con pallet base de madera","2021-06-01",,,"Embalaje"
"waybill_unidad_peso_XEF","XEF","Estuche, con pallet base de cartón","2021-06-01",,,"Embalaje"
"waybill_unidad_peso_XEG","XEG","Estuche, con pallet base de plástico","2021-06-01",,,"Embalaje"
"waybill_unidad_peso_XEH","XEH","Estuche, con pallet base de metal","2021-06-01",,,"Embalaje"
"waybill_unidad_peso_XEI","XEI","Estuche isotérmico","2021-06-01",,,"Embalaje"
"waybill_unidad_peso_XEN","XEN","Sobre","2021-06-01",,,"Embalaje"
"waybill_unidad_peso_XFB","XFB","Bolsa flexible","2021-06-01",,,"Embalaje"
"waybill_unidad_peso_XFC","XFC","Cajón para fruta","2021-06-01",,,"Embalaje"
"waybill_unidad_peso_XFD","XFD","Cajón enmarcado","2021-06-01",,,"Embalaje"
"waybill_unidad_peso_XFE","XFE","Tanque flexible","2021-06-01",,,"Embalaje"
"waybill_unidad_peso_XFI","XFI","Firkin","2021-06-01",,,"Embalaje"
"waybill_unidad_peso_XFL","XFL","Matraz","2021-06-01",,,"Embalaje"
"waybill_unidad_peso_XFO","XFO","Cajón para zapatos","2021-06-01",,,"Embalaje"
"waybill_unidad_peso_XFP","XFP","Caja auxiliar para película fotográfica","2021-06-01",,,"Embalaje"
"waybill_unidad_peso_XFR","XFR","Marco","2021-06-01",,,"Embalaje"
"waybill_unidad_peso_XFT","XFT","Contenedor para alimentos","2021-06-01",,,"Embalaje"
"waybill_unidad_peso_XFW","XFW","Carro de cama plana","2021-06-01",,,"Embalaje"
"waybill_unidad_peso_XFX","XFX","Bolsa flexible tipo contenedor","2021-06-01",,,"Embalaje"
"waybill_unidad_peso_XGB","XGB","Botella para gas","2021-06-01",,,"Embalaje"
"waybill_unidad_peso_XGI","XGI","Viga","2021-06-01",,,"Embalaje"
"waybill_unidad_peso_XGL","XGL","Contenedor tipo galón","2021-06-01",,,"Embalaje"
"waybill_unidad_peso_XGR","XGR","Recipiente de vidrio","2021-06-01",,,"Embalaje"
"waybill_unidad_peso_XGU","XGU","Bandeja contenedor para apilar horizontalmente objetos planos","2021-06-01",,,"Embalaje"
"waybill_unidad_peso_XGY","XGY","Costal de Yute","2021-06-01",,,"Embalaje"
"waybill_unidad_peso_XGZ","XGZ","Vigas con correas o agrupadas","2021-06-01",,,"Embalaje"
"waybill_unidad_peso_XHA","XHA","Cesta con mango y de plástico","2021-06-01",,,"Embalaje"
"waybill_unidad_peso_XHB","XHB","Cesta con mango y de madera","2021-06-01",,,"Embalaje"
"waybill_unidad_peso_XHC","XHC","Cesta  con asa y de  cartón","2021-06-01",,,"Embalaje"
"waybill_unidad_peso_XHG","XHG","Hogshead","2021-06-01",,,"Embalaje"
"waybill_unidad_peso_XHN","XHN","Gancho","2021-06-01",,,"Embalaje"
"waybill_unidad_peso_XHR","XHR","Cesto","2021-06-01",,,"Embalaje"
"waybill_unidad_peso_XIA","XIA","Paquete con pantalla y de madera","2021-06-01",,,"Embalaje"
"waybill_unidad_peso_XIB","XIB","Paquete  con pantalla y de cartón","2021-06-01",,,"Embalaje"
"waybill_unidad_peso_XIC","XIC","Paquete con pantalla y de plástico","2021-06-01",,,"Embalaje"
"waybill_unidad_peso_XID","XID","Paquete con pantalla y de metal","2021-06-01",,,"Embalaje"
"waybill_unidad_peso_XIE","XIE","Paquete de mostrador.","2021-06-01",,,"Embalaje"
"waybill_unidad_peso_XIF","XIF","Envase para alimentos","2021-06-01",,,"Embalaje"
"waybill_unidad_peso_XIG","XIG","Paquete envuelto en papel","2021-06-01",,,"Embalaje"
"waybill_unidad_peso_XIH","XIH","Tambor de plástico","2021-06-01",,,"Embalaje"
"waybill_unidad_peso_XIK","XIK","Paquete de cartón con los agujeros para botellas","2021-06-01",,,"Embalaje"
"waybill_unidad_peso_XIL","XIL","Bandeja rígida con tapa y apilable (CEN TS 14482: 2002)","2021-06-01",,,"Embalaje"
"waybill_unidad_peso_XIN","XIN","Lingote","2021-06-01",,,"Embalaje"
"waybill_unidad_peso_XIZ","XIZ","Lingotes  con correas/ agrupados","2021-06-01",,,"Embalaje"
"waybill_unidad_peso_XJB","XJB","Bolsa jumbo","2021-06-01",,,"Embalaje"
"waybill_unidad_peso_XJC","XJC","Bidón rectangular","2021-06-01",,,"Embalaje"
"waybill_unidad_peso_XJG","XJG","Jarra","2021-06-01",,,"Embalaje"
"waybill_unidad_peso_XJR","XJR","Tarro","2021-06-01",,,"Embalaje"
"waybill_unidad_peso_XJT","XJT","Bolsa de yute","2021-06-01",,,"Embalaje"
"waybill_unidad_peso_XJY","XJY","Bidón, cilíndrico","2021-06-01",,,"Embalaje"
"waybill_unidad_peso_XKG","XKG","Barrilete","2021-06-01",,,"Embalaje"
"waybill_unidad_peso_XKI","XKI","Kit (Conjunto de piezas)","2021-06-01",,,"Embalaje"
"waybill_unidad_peso_XLE","XLE","Valijas","2021-06-01",,,"Embalaje"
"waybill_unidad_peso_XLG","XLG","Bitácora","2021-06-01",,,"Embalaje"
"waybill_unidad_peso_XLT","XLT","Lote","2021-06-01",,,"Embalaje"
"waybill_unidad_peso_XLU","XLU","Caja de arrastre","2021-06-01",,,"Embalaje"
"waybill_unidad_peso_XLV","XLV","Contenedor pequeño","2021-06-01",,,"Embalaje"
"waybill_unidad_peso_XLZ","XLZ","Registros  con fleje/ agrupados/ armados","2021-06-01",,,"Embalaje"
"waybill_unidad_peso_XMA","XMA","Cajón metálico","2021-06-01",,,"Embalaje"
"waybill_unidad_peso_XMB","XMB","Múltiplo de bolsas","2021-06-01",,,"Embalaje"
"waybill_unidad_peso_XMC","XMC","Cajón para leche","2021-06-01",,,"Embalaje"
"waybill_unidad_peso_XME","XME","Contenedor de metal","2021-06-01",,,"Embalaje"
"waybill_unidad_peso_XMR","XMR","Recipiente de metal","2021-06-01",,,"Embalaje"
"waybill_unidad_peso_XMS","XMS","Saco milti-pared","2021-06-01",,,"Embalaje"
"waybill_unidad_peso_XMT","XMT","Tapete","2021-06-01",,,"Embalaje"
"waybill_unidad_peso_XMW","XMW","Contenedor envuelto en plástico","2021-06-01",,,"Embalaje"
"waybill_unidad_peso_XMX","XMX","Caja pequeña de cerillos","2021-06-01",,,"Embalaje"
"waybill_unidad_peso_XNA","XNA","No disponible","2021-06-01",,,"Embalaje"
"waybill_unidad_peso_XNE","XNE","Sin empaque o no empaquetado","2021-06-01",,,"Embalaje"
"waybill_unidad_peso_XNF","XNF","Sin empaque o no empaquetado, unidad simple","2021-06-01",,,"Embalaje"
"waybill_unidad_peso_XNG","XNG","Sin empaque o no empaquetado, unidades múltiples","2021-06-01",,,"Embalaje"
"waybill_unidad_peso_XNS","XNS","Caja nido","2021-06-01",,,"Embalaje"
"waybill_unidad_peso_XNT","XNT","Red","2021-06-01",,,"Embalaje"
"waybill_unidad_peso_XNU","XNU","Red de plástico con tubo","2021-06-01",,,"Embalaje"
"waybill_unidad_peso_XNV","XNV","Red textil con tubo","2021-06-01",,,"Embalaje"
"waybill_unidad_peso_XOA","XOA","Pallet, Según la clasificación de la compañía (Commonwealth Handling Equipment Pool (CHEP) 40 cm x 60 cm","2021-06-01",,,"Embalaje"
"waybill_unidad_peso_XOB","XOB","Pallet, Según la clasificación de la compañía (Commonwealth Handling Equipment Pool (CHEP) 80 cm x 120 cm","2021-06-01",,,"Embalaje"
"waybill_unidad_peso_XOC","XOC","Pallet, Según la clasificación de la compañía (Commonwealth Handling Equipment Pool (CHEP) 100 cm x 120 cm","2021-06-01",,,"Embalaje"
"waybill_unidad_peso_XOD","XOD","Pallet, AS 4068-1993","2021-06-01",,,"Embalaje"
"waybill_unidad_peso_XOE","XOE","Pallet, ISO T11","2021-06-01",,,"Embalaje"
"waybill_unidad_peso_XOF","XOF","Plataforma, peso o dimensión no especificada","2021-06-01",,,"Embalaje"
"waybill_unidad_peso_XOK","XOK","Bloque","2021-06-01",,,"Embalaje"
"waybill_unidad_peso_XOT","XOT","Octabin","2021-06-01",,,"Embalaje"
"waybill_unidad_peso_XP2","XP2","Charola","2021-06-01",,,"Embalaje"
"waybill_unidad_peso_XPA","XPA","Cajetilla","2021-06-01",,,"Embalaje"
"waybill_unidad_peso_XPB","XPB","Pallet, Caja combinada y abierta con caja y pallet.","2021-06-01",,,"Embalaje"
"waybill_unidad_peso_XPC","XPC","Paquete postal","2021-06-01",,,"Embalaje"
"waybill_unidad_peso_XPD","XPD","Pallet modular con collares (80cms * 100cms)","2021-06-01",,,"Embalaje"
"waybill_unidad_peso_XPE","XPE","Pallet modular con collares (80cms * 120cms)","2021-06-01",,,"Embalaje"
"waybill_unidad_peso_XPF","XPF","Corral","2021-06-01",,,"Embalaje"
"waybill_unidad_peso_XPG","XPG","Placa","2021-06-01",,,"Embalaje"
"waybill_unidad_peso_XPH","XPH","Cantaro","2021-06-01",,,"Embalaje"
"waybill_unidad_peso_XPI","XPI","Pleca","2021-06-01",,,"Embalaje"
"waybill_unidad_peso_XPJ","XPJ","Canastilla","2021-06-01",,,"Embalaje"
"waybill_unidad_peso_XPK","XPK","Paquete","2021-06-01",,,"Embalaje"
"waybill_unidad_peso_XPL","XPL","Balde","2021-06-01",,,"Embalaje"
"waybill_unidad_peso_XPN","XPN","Tablón","2021-06-01",,,"Embalaje"
"waybill_unidad_peso_XPO","XPO","Bolsa pequeña","2021-06-01",,,"Embalaje"
"waybill_unidad_peso_XPR","XPR","Contenedor de plástico","2021-06-01",,,"Embalaje"
"waybill_unidad_peso_XPT","XPT","Maceta","2021-06-01",,,"Embalaje"
"waybill_unidad_peso_XPU","XPU","Cacerola","2021-06-01",,,"Embalaje"
"waybill_unidad_peso_XPV","XPV","Tubos, con fleje/ agrupados/ armados","2021-06-01",,,"Embalaje"
"waybill_unidad_peso_XPX","XPX","Pallet","2021-06-01",,,"Embalaje"
"waybill_unidad_peso_XPY","XPY","Placas con fleje/ agrupados/ armados","2021-06-01",,,"Embalaje"
"waybill_unidad_peso_XPZ","XPZ","Tablones con fleje/ agrupados/ armados","2021-06-01",,,"Embalaje"
"waybill_unidad_peso_XQA","XQA","Tambor de acero con cabeza no desmontable","2021-06-01",,,"Embalaje"
"waybill_unidad_peso_XQB","XQB","Tambor de  acero con cabeza extraíble","2021-06-01",,,"Embalaje"
"waybill_unidad_peso_XQC","XQC","Tambor de aluminio con cabeza no extraíble","2021-06-01",,,"Embalaje"
"waybill_unidad_peso_XQD","XQD","Tambor de aluminio con cabeza extraíble","2021-06-01",,,"Embalaje"
"waybill_unidad_peso_XQF","XQF","Tambor, plástico con cabeza no desmontable","2021-06-01",,,"Embalaje"
"waybill_unidad_peso_XQG","XQG","Tambor, plástico, cabeza extraíble","2021-06-01",,,"Embalaje"
"waybill_unidad_peso_XQH","XQH","Barril de madera con tapón","2021-06-01",,,"Embalaje"
"waybill_unidad_peso_XQJ","XQJ","Barril de madera con cabeza desprendible","2021-06-01",,,"Embalaje"
"waybill_unidad_peso_XQK","XQK","Bidón de acero con cabeza no desmontable","2021-06-01",,,"Embalaje"
"waybill_unidad_peso_XQL","XQL","Bidón de acero con cabeza desmontable","2021-06-01",,,"Embalaje"
"waybill_unidad_peso_XQM","XQM","Bidón de plástico con cabeza no desmontable","2021-06-01",,,"Embalaje"
"waybill_unidad_peso_XQN","XQN","Bidón de plástico con cabeza extraíble","2021-06-01",,,"Embalaje"
"waybill_unidad_peso_XQP","XQP","Caja de madera natural estándar","2021-06-01",,,"Embalaje"
"waybill_unidad_peso_XQQ","XQQ","Caja de madera natural con muros a prueba de filtraciones","2021-06-01",,,"Embalaje"
"waybill_unidad_peso_XQR","XQR","Caja de plástico expandida","2021-06-01",,,"Embalaje"
"waybill_unidad_peso_XQS","XQS","Caja de plástico sólida","2021-06-01",,,"Embalaje"
"waybill_unidad_peso_XRD","XRD","Rod","2021-06-01",,,"Embalaje"
"waybill_unidad_peso_XRG","XRG","Anillo","2021-06-01",,,"Embalaje"
"waybill_unidad_peso_XRJ","XRJ","Estante, Perchero para ropa","2021-06-01",,,"Embalaje"
"waybill_unidad_peso_XRK","XRK","Estante","2021-06-01",,,"Embalaje"
"waybill_unidad_peso_XRL","XRL","Carrete","2021-06-01",,,"Embalaje"
"waybill_unidad_peso_XRO","XRO","Rollo","2021-06-01",,,"Embalaje"
"waybill_unidad_peso_XRT","XRT","Red Roja","2021-06-01",,,"Embalaje"
"waybill_unidad_peso_XRZ","XRZ","Varillas  con fleje/ agrupados/ armados","2021-06-01",,,"Embalaje"
"waybill_unidad_peso_XSA","XSA","Saco","2021-06-01",,,"Embalaje"
"waybill_unidad_peso_XSB","XSB","Losa","2021-06-01",,,"Embalaje"
"waybill_unidad_peso_XSC","XSC","Cajón poco profundo","2021-06-01",,,"Embalaje"
"waybill_unidad_peso_XSD","XSD","Huso","2021-06-01",,,"Embalaje"
"waybill_unidad_peso_XSE","XSE","Baúl","2021-06-01",,,"Embalaje"
"waybill_unidad_peso_XSH","XSH","Bolsa pequeña hermética","2021-06-01",,,"Embalaje"
"waybill_unidad_peso_XSI","XSI","Patín","2021-06-01",,,"Embalaje"
"waybill_unidad_peso_XSK","XSK","Carcasa esqueleto","2021-06-01",,,"Embalaje"
"waybill_unidad_peso_XSL","XSL","Hoja de deslizamiento","2021-06-01",,,"Embalaje"
"waybill_unidad_peso_XSM","XSM","Hoja de metal","2021-06-01",,,"Embalaje"
"waybill_unidad_peso_XSO","XSO","Carrete pequeño","2021-06-01",,,"Embalaje"
"waybill_unidad_peso_XSP","XSP","Hoja de empaque de plástico","2021-06-01",,,"Embalaje"
"waybill_unidad_peso_XSS","XSS","Cajón de acero","2021-06-01",,,"Embalaje"
"waybill_unidad_peso_XSU","XSU","Maleta","2021-06-01",,,"Embalaje"
"waybill_unidad_peso_XSV","XSV","Sobre de acero","2021-06-01",,,"Embalaje"
"waybill_unidad_peso_XSW","XSW","Envoltorio","2021-06-01",,,"Embalaje"
"waybill_unidad_peso_XSY","XSY","Manga","2021-06-01",,,"Embalaje"
"waybill_unidad_peso_XSZ","XSZ","Hojas  con fleje/ agrupados/ armados","2021-06-01",,,"Embalaje"
"waybill_unidad_peso_XT1","XT1","Tableta","2021-06-01",,,"Embalaje"
"waybill_unidad_peso_XTB","XTB","Tina","2021-06-01",,,"Embalaje"
"waybill_unidad_peso_XTC","XTC","Caja para té","2021-06-01",,,"Embalaje"
"waybill_unidad_peso_XTD","XTD","Tubo plegable","2021-06-01",,,"Embalaje"
"waybill_unidad_peso_XTG","XTG","Contenedor de tanque genérico","2021-06-01",,,"Embalaje"
"waybill_unidad_peso_XTI","XTI","Tierce","2021-06-01",,,"Embalaje"
"waybill_unidad_peso_XTK","XTK","Tanque rectangular","2021-06-01",,,"Embalaje"
"waybill_unidad_peso_XTL","XTL","Tina con tapa","2021-06-01",,,"Embalaje"
"waybill_unidad_peso_XTN","XTN","Hojalata","2021-06-01",,,"Embalaje"
"waybill_unidad_peso_XTO","XTO","Tonel","2021-06-01",,,"Embalaje"
"waybill_unidad_peso_XTR","XTR","Maletero","2021-06-01",,,"Embalaje"
"waybill_unidad_peso_XTS","XTS","Estructura","2021-06-01",,,"Embalaje"
"waybill_unidad_peso_XTT","XTT","Bolsa de mano","2021-06-01",,,"Embalaje"
"waybill_unidad_peso_XTU","XTU","Tubo","2021-06-01",,,"Embalaje"
"waybill_unidad_peso_XTV","XTV","Tubo con boquilla","2021-06-01",,,"Embalaje"
"waybill_unidad_peso_XTW","XTW","Pallet tricapa","2021-06-01",,,"Embalaje"
"waybill_unidad_peso_XTY","XTY","Tanque cilíndrico","2021-06-01",,,"Embalaje"
"waybill_unidad_peso_XTZ","XTZ","Tubos  con fleje/ agrupados/ armados","2021-06-01",,,"Embalaje"
"waybill_unidad_peso_XUC","XUC","Sin empaque","2021-06-01",,,"Embalaje"
"waybill_unidad_peso_XUN","XUN","Unidad","2021-06-01",,,"Embalaje"
"waybill_unidad_peso_XVA","XVA","Tanque","2021-06-01",,,"Embalaje"
"waybill_unidad_peso_XVG","XVG","Tanque de gas (a 1,031 mbar y 15° C)","2021-06-01",,,"Embalaje"
"waybill_unidad_peso_XVI","XVI","Frasco pequeño","2021-06-01",,,"Embalaje"
"waybill_unidad_peso_XVK","XVK","Paquete transportable","2021-06-01",,,"Embalaje"
"waybill_unidad_peso_XVL","XVL","Contenedor para líquidos a granel","2021-06-01",,,"Embalaje"
"waybill_unidad_peso_XVN","XVN","Vehículo","2021-06-01",,,"Embalaje"
"waybill_unidad_peso_XVO","XVO","Contenedor para sólido de partículas grandes a granel (""nódulos"")","2021-06-01",,,"Embalaje"
"waybill_unidad_peso_XVP","XVP","Envasado al vacío","2021-06-01",,,"Embalaje"
"waybill_unidad_peso_XVQ","XVQ","Tanque para Gas licuado (a temperatura / presión anormal)","2021-06-01",,,"Embalaje"
"waybill_unidad_peso_XVR","XVR","Contenedor para sólidos de partículas granulares a granel (Granos)","2021-06-01",,,"Embalaje"
"waybill_unidad_peso_XVS","XVS","Contenedor de chatarra a granel","2021-06-01",,,"Embalaje"
"waybill_unidad_peso_XVY","XVY","Contenedor para sólido de partículas finas a granel (""polvos"")","2021-06-01",,,"Embalaje"
"waybill_unidad_peso_XWA","XWA","Contenedor de granel intermedio","2021-06-01",,,"Embalaje"
"waybill_unidad_peso_XWB","XWB","Botella de mimbre","2021-06-01",,,"Embalaje"
"waybill_unidad_peso_XWC","XWC","Contenedor intermedio para gráneles y de acero","2021-06-01",,,"Embalaje"
"waybill_unidad_peso_XWD","XWD","Contenedor intermedio para gráneles y de aluminio","2021-06-01",,,"Embalaje"
"waybill_unidad_peso_XWF","XWF","Contenedor intermedio para gráneles y de metal","2021-06-01",,,"Embalaje"
"waybill_unidad_peso_XWG","XWG","Contenedor intermedio para gráneles y de acero presurizado menor a 10 kpa","2021-06-01",,,"Embalaje"
"waybill_unidad_peso_XWH","XWH","Contenedor intermedio para gráneles y de aluminio, presurizado menor a 10 kpa","2021-06-01",,,"Embalaje"
"waybill_unidad_peso_XWJ","XWJ","Contenedor intermedio para gráneles y de metal con una presión de 10 kpa","2021-06-01",,,"Embalaje"
"waybill_unidad_peso_XWK","XWK","Contenedor intermedio para gráneles y de acero para líquido","2021-06-01",,,"Embalaje"
"waybill_unidad_peso_XWL","XWL","Contenedor intermedio para gráneles y de aluminio para líquido","2021-06-01",,,"Embalaje"
"waybill_unidad_peso_XWM","XWM","Contenedor intermedio para gráneles y de metal para líquido","2021-06-01",,,"Embalaje"
"waybill_unidad_peso_XWN","XWN","Contenedor intermedio para gráneles con tejido plástico sin capa con revestimiento","2021-06-01",,,"Embalaje"
"waybill_unidad_peso_XWP","XWP","Contenedor intermedio para gráneles con tejido plástico y recubierto","2021-06-01",,,"Embalaje"
"waybill_unidad_peso_XWQ","XWQ","Contenedor intermedio para gráneles con tejido plástico con revestimiento","2021-06-01",,,"Embalaje"
"waybill_unidad_peso_XWR","XWR","Contenedor intermedio para gráneles con tejido plástico, revestido y con forro","2021-06-01",,,"Embalaje"
"waybill_unidad_peso_XWS","XWS","Contenedor intermedio para gráneles con película de plástico","2021-06-01",,,"Embalaje"
"waybill_unidad_peso_XWT","XWT","Contenedor intermedio para gráneles textil sin capa / forro","2021-06-01",,,"Embalaje"
"waybill_unidad_peso_XWU","XWU","Contenedor intermedio para gráneles de madera natural con forro interior","2021-06-01",,,"Embalaje"
"waybill_unidad_peso_XWV","XWV","Contenedor intermedio para gráneles textil recubierto","2021-06-01",,,"Embalaje"
"waybill_unidad_peso_XWW","XWW","Contenedor intermedio para gráneles textil con revestimiento","2021-06-01",,,"Embalaje"
"waybill_unidad_peso_XWX","XWX","Contenedor intermedio para gráneles textil recubierto y con forro","2021-06-01",,,"Embalaje"
"waybill_unidad_peso_XWY","XWY","Contenedor intermedio para gráneles contrachapado con revestimiento interior","2021-06-01",,,"Embalaje"
"waybill_unidad_peso_XWZ","XWZ","Contenedor intermedio para gráneles de madera reconstituida con revestimiento interior","2021-06-01",,,"Embalaje"
"waybill_unidad_peso_XXA","XXA","Bolsa de tejido plástico, sin abrigo interior ni forro","2021-06-01",,,"Embalaje"
"waybill_unidad_peso_XXB","XXB","Bolsa de tejido plástico a prueba de filtraciones","2021-06-01",,,"Embalaje"
"waybill_unidad_peso_XXC","XXC","Bolsa de tejido plástico resistente al agua","2021-06-01",,,"Embalaje"
"waybill_unidad_peso_XXD","XXD","Bolsa con película de plástico","2021-06-01",,,"Embalaje"
"waybill_unidad_peso_XXF","XXF","Bolsa textil sin capa ni forro interior","2021-06-01",,,"Embalaje"
"waybill_unidad_peso_XXG","XXG","Bolsa textil a prueba de filtraciones","2021-06-01",,,"Embalaje"
"waybill_unidad_peso_XXH","XXH","Bolsa textil resistente al agua","2021-06-01",,,"Embalaje"
"waybill_unidad_peso_XXJ","XXJ","Bolsa de papel multi-pared","2021-06-01",,,"Embalaje"
"waybill_unidad_peso_XXK","XXK","Bolsa de papel multi-pared, resistente al agua","2021-06-01",,,"Embalaje"
"waybill_unidad_peso_XYA","XYA","Empaque compuesto, recipiente de plástico en tambor de acero","2021-06-01",,,"Embalaje"
"waybill_unidad_peso_XYB","XYB","Empaque compuesto, recipiente de plástico en cajas de acero","2021-06-01",,,"Embalaje"
"waybill_unidad_peso_XYC","XYC","Empaque compuesto, recipiente de plástico en tambor de aluminio","2021-06-01",,,"Embalaje"
"waybill_unidad_peso_XYD","XYD","Empaque compuesto, recipiente de plástico en cajón de aluminio","2021-06-01",,,"Embalaje"
"waybill_unidad_peso_XYF","XYF","Empaque compuesto, recipiente de plástico en caja de madera","2021-06-01",,,"Embalaje"
"waybill_unidad_peso_XYG","XYG","Empaque compuesto, recipiente de plástico en tambor de madera contrachapada","2021-06-01",,,"Embalaje"
"waybill_unidad_peso_XYH","XYH","Empaque compuesto, recipiente de plástico en caja de madera contrachapada","2021-06-01",,,"Embalaje"
"waybill_unidad_peso_XYJ","XYJ","Empaque compuesto, recipiente de plástico en tambor de fibra","2021-06-01",,,"Embalaje"
"waybill_unidad_peso_XYK","XYK","Empaque compuesto, recipiente de plástico en caja de cartón","2021-06-01",,,"Embalaje"
"waybill_unidad_peso_XYL","XYL","Empaque compuesto, recipiente de plástico en el tambor de plástico","2021-06-01",,,"Embalaje"
"waybill_unidad_peso_XYM","XYM","Empaque compuesto, recipiente de plástico en caja de plástico sólido","2021-06-01",,,"Embalaje"
"waybill_unidad_peso_XYN","XYN","Empaque compuesto, receptáculo de vidrio en tambor de acero","2021-06-01",,,"Embalaje"
"waybill_unidad_peso_XYP","XYP","Empaque compuesto, receptáculo de vidrio en caja de cajas de acero","2021-06-01",,,"Embalaje"
"waybill_unidad_peso_XYQ","XYQ","Empaque compuesto, recipiente de vidrio en tambor de aluminio","2021-06-01",,,"Embalaje"
"waybill_unidad_peso_XYR","XYR","Empaque compuesto, receptáculo de vidrio en caja de aluminio","2021-06-01",,,"Embalaje"
"waybill_unidad_peso_XYS","XYS","Empaque compuesto, recipiente de vidrio en caja de madera","2021-06-01",,,"Embalaje"
"waybill_unidad_peso_XYT","XYT","Empaque compuesto, recipiente de vidrio en tambor de madera contrachapada","2021-06-01",,,"Embalaje"
"waybill_unidad_peso_Xyv","Xyv","Empaque compuesto, recipiente de vidrio en el cesto de mimbre","2021-06-01",,,"Embalaje"
"waybill_unidad_peso_XYW","XYW","Empaque compuesto, recipiente de vidrio en tambor de fibra","2021-06-01",,,"Embalaje"
"waybill_unidad_peso_XYX","XYX","Empaque compuesto, recipiente de vidrio en caja de cartón","2021-06-01",,,"Embalaje"
"waybill_unidad_peso_XYY","XYY","Empaque compuesto, recipiente de vidrio en paquete de plástico expandible","2021-06-01",,,"Embalaje"
"waybill_unidad_peso_XYZ","XYZ","Empaque compuesto, recipiente de vidrio en paquete de plástico sólido","2021-06-01",,,"Embalaje"
"waybill_unidad_peso_XZA","XZA","Contenedor de granel intermedio, papel, multi-pared","2021-06-01",,,"Embalaje"
"waybill_unidad_peso_XZB","XZB","Bolsa grande","2021-06-01",,,"Embalaje"
"waybill_unidad_peso_XZC","XZC","Contenedor intermedio para gráneles de papel, multi-pared y resistente al agua","2021-06-01",,,"Embalaje"
"waybill_unidad_peso_XZD","XZD","Contenedor intermedio para gráneles de plástico rígido, con equipo estructural para sólidos","2021-06-01",,,"Embalaje"
"waybill_unidad_peso_XZF","XZF","Contenedor intermedio para gráneles de plástico rígido, autoportante para sólidos","2021-06-01",,,"Embalaje"
"waybill_unidad_peso_XZG","XZG","Contenedor intermedio para gráneles de plástico rígido, con equipo estructural, presurizado","2021-06-01",,,"Embalaje"
"waybill_unidad_peso_XZH","XZH","Contenedor intermedio para gráneles de plástico rígido, autoportante y presurizado","2021-06-01",,,"Embalaje"
"waybill_unidad_peso_XZJ","XZJ","Contenedor intermedio para gráneles de plástico rígido, con equipo estructural para líquidos","2021-06-01",,,"Embalaje"
"waybill_unidad_peso_XZK","XZK","Contenedor intermedio para gráneles de plástico rígido, autoportante, líquidos","2021-06-01",,,"Embalaje"
"waybill_unidad_peso_XZL","XZL","Contenedor intermedio para gráneles, compuesto y de plástico rígido, sólidos","2021-06-01",,,"Embalaje"
"waybill_unidad_peso_XZM","XZM","Contenedor intermedio para gráneles, compuesto y de plástico flexible, sólidos","2021-06-01",,,"Embalaje"
"waybill_unidad_peso_XZN","XZN","Contenedor intermedio para gráneles, compuesto y de plástico rígido, presurizado","2021-06-01",,,"Embalaje"
"waybill_unidad_peso_XZP","XZP","Contenedor intermedio para gráneles, compuesto y de plástico flexible, presurizado","2021-06-01",,,"Embalaje"
"waybill_unidad_peso_XZQ","XZQ","Contenedor intermedio para gráneles, compuesto y de plástico rígido, líquidos","2021-06-01",,,"Embalaje"
"waybill_unidad_peso_XZR","XZR","Contenedor intermedio para gráneles, compuesto y de plástico flexible para líquidos","2021-06-01",,,"Embalaje"
"waybill_unidad_peso_XZS","XZS","Contenedor intermedio para gráneles, compuesto","2021-06-01",,,"Embalaje"
"waybill_unidad_peso_XZT","XZT","Contenedor intermedio para gráneles con tablero de fibras","2021-06-01",,,"Embalaje"
"waybill_unidad_peso_XZU","XZU","Contenedor intermedio para gráneles flexible","2021-06-01",,,"Embalaje"
"waybill_unidad_peso_XZV","XZV","Contenedor intermedio para gráneles de metal, distinto del acero","2021-06-01",,,"Embalaje"
"waybill_unidad_peso_XZW","XZW","Contenedor intermedio para gráneles, de madera natural","2021-06-01",,,"Embalaje"
"waybill_unidad_peso_XZX","XZX","Contenedor intermedio para gráneles, de contrachapado","2021-06-01",,,"Embalaje"
"waybill_unidad_peso_XZY","XZY","Contenedor intermedio para gráneles, de madera reconstituida","2021-06-01",,,"Embalaje"
"waybill_unidad_peso_KGM","KGM","Kilogramo","2021-06-01",,"kg","Masa"
"waybill_unidad_peso_MC","MC","Microgramo","2021-06-01",,"µg","Masa"
"waybill_unidad_peso_DJ","DJ","Decagramo","2021-06-01",,"dag","Masa"
"waybill_unidad_peso_DG","DG","Decigramo","2021-06-01",,"dg","Masa"
"waybill_unidad_peso_GRM","GRM","Gramo","2021-06-01",,"g","Masa"
"waybill_unidad_peso_CGM","CGM","Centigramo","2021-06-01",,"cg","Masa"
"waybill_unidad_peso_TNE","TNE","Tonelada (tonelada métrica)","2021-06-01",,"t","Masa"
"waybill_unidad_peso_DTN","DTN","Decitonelada métrica","2021-06-01",,"dt or dtn","Masa"
"waybill_unidad_peso_MGM","MGM","Miligramo","2021-06-01",,"mg","Masa"
"waybill_unidad_peso_HGM","HGM","Hectogramo","2021-06-01",,"hg","Masa"
"waybill_unidad_peso_KTN","KTN","Kilotonelada Métrica","2021-06-01",,"kt","Masa"
"waybill_unidad_peso_2U","2U","Megagramo","2021-06-01",,"Mg","Masa"
"waybill_unidad_peso_LBR","LBR","Libra","2021-06-01",,"lb","Masa"
"waybill_unidad_peso_GRN","GRN","Grano","2021-06-01",,"gr","Masa"
"waybill_unidad_peso_ONZ","ONZ","Onza (avoirdupois)","2021-06-01",,"oz","Masa"
"waybill_unidad_peso_CWI","CWI","Hundredweight","2021-06-01",,"cwt (UK)","Masa"
"waybill_unidad_peso_CWA","CWA","Hundred pound","2021-06-01",,"cwt (US)","Masa"
"waybill_unidad_peso_LTN","LTN","Tonelada (UK) o tonelada larga (estados unidos)","2021-06-01",,"ton (UK)","Masa"
"waybill_unidad_peso_STI","STI","Estone (UK)","2021-06-01",,"st","Masa"
"waybill_unidad_peso_STN","STN","Tonelada (estados unidos) o tonelada corta (UK y estados unidos)","2021-06-01",,"ton (US)","Masa"
"waybill_unidad_peso_APZ","APZ","Onza troy u onza farmacéutica ","2021-06-01",,"tr oz","Masa"
"waybill_unidad_peso_F13","F13","Slug","2021-06-01",,"slug","Masa"
"waybill_unidad_peso_K64","K64","Libra (avoirdupois) por grado fahrenheit","2021-06-01",,"lb/°F","Masa"
"waybill_unidad_peso_L69","L69","Tonelada por kelvin","2021-06-01",,"t/K","Masa"
"waybill_unidad_peso_L87","L87","Tonelada corta por grado fahrenheit","2021-06-01",,"ton (US)/°F","Masa"
"waybill_unidad_peso_M85","M85","Tonelada, ensayo","2021-06-01",,,"Masa"
"waybill_unidad_peso_M86","M86","Libra Alemana","2021-06-01",,"pfd","Masa"
"waybill_unidad_peso_J33","J33","Microgramo por kilogramo","2021-06-01",,"µg/kg","Masa"
"waybill_unidad_peso_L32","L32","Nanogramo por kilogramo","2021-06-01",,"ng/kg","Masa"
"waybill_unidad_peso_NA","NA","Miligramo por kilogramo","2021-06-01",,"mg/kg","Masa"
"waybill_unidad_peso_M29","M29","Kilogramo por kilogramo","2021-06-01",,"kg/kg","Masa"
"waybill_unidad_peso_M91","M91","Libra por libra","2021-06-01",,"lb/lb","Masa"
"waybill_unidad_peso_Q29","Q29","Microgramo por hectogramo","2021-06-01",,"µg/hg","Masa"
"waybill_unidad_peso_MTQ","MTQ","Metro cúbico","2021-06-01",,"m³","Volumen"
"waybill_unidad_peso_MAL","MAL","Megalitro","2021-06-01",,"Ml","Volumen"
"waybill_unidad_peso_LTR","LTR","Litro","2021-06-01",,"l","Volumen"
"waybill_unidad_peso_MMQ","MMQ","Milímetro cúbico","2021-06-01",,"mm³","Volumen"
"waybill_unidad_peso_CMQ","CMQ","Centímetro cúbico","2021-06-01",,"cm³","Volumen"
"waybill_unidad_peso_DMQ","DMQ","Decímetro cúbico","2021-06-01",,"dm³","Volumen"
"waybill_unidad_peso_MLT","MLT","Mililitro","2021-06-01",,"ml","Volumen"
"waybill_unidad_peso_HLT","HLT","Hectolitro","2021-06-01",,"hl","Volumen"
"waybill_unidad_peso_CLT","CLT","Centilitro","2021-06-01",,"cl","Volumen"
"waybill_unidad_peso_DMA","DMA","Decámetro cúbico","2021-06-01",,"dam³","Volumen"
"waybill_unidad_peso_H19","H19","Hectómetro cúbico","2021-06-01",,"hm³","Volumen"
"waybill_unidad_peso_H20","H20","Kilómetro cúbico","2021-06-01",,"km³","Volumen"
"waybill_unidad_peso_M71","M71","Metro cúbico por pascal (joules)","2021-06-01",,"m³/Pa","Volumen"
"waybill_unidad_peso_DLT","DLT","Decilitro","2021-06-01",,"dl","Volumen"
"waybill_unidad_peso_4G","4G","Microlitro","2021-06-01",,"µl","Volumen"
"waybill_unidad_peso_K6","K6","Kilolitro","2021-06-01",,"kl","Volumen"
"waybill_unidad_peso_A44","A44","Decalitro","2021-06-01",,"dal","Volumen"
"waybill_unidad_peso_G94","G94","Centímetro cúbico por bar","2021-06-01",,"cm³/bar","Volumen"
"waybill_unidad_peso_G95","G95","Litro por bar","2021-06-01",,"l/bar","Volumen"
"waybill_unidad_peso_G96","G96","Metro cúbico por bar","2021-06-01",,"m³/bar","Volumen"
"waybill_unidad_peso_G97","G97","Mililitro por bar ","2021-06-01",,"ml/bar","Volumen"
"waybill_unidad_peso_5I","5I","Pies cúbicos estándar","2021-06-01",,"Std","Volumen"
"waybill_unidad_peso_INQ","INQ","Pulgada cúbica","2021-06-01",,"in³","Volumen"
"waybill_unidad_peso_FTQ","FTQ","Pie cúbico","2021-06-01",,"ft³","Volumen"
"waybill_unidad_peso_YDQ","YDQ","Yarda cúbica","2021-06-01",,"yd³","Volumen"
"waybill_unidad_peso_GLI","GLI","Galón (UK)","2021-06-01",,"gal (UK)","Volumen"
"waybill_unidad_peso_GLL","GLL","Galón (EUA)","2021-06-01",,"gal (US)","Volumen"
"waybill_unidad_peso_PT","PT","Pinta (US)","2021-06-01",,"Pt (US)","Volumen"
"waybill_unidad_peso_PTI","PTI","Pint (uk)","2021-06-01",,"pt (UK)","Volumen"
"waybill_unidad_peso_QTI","QTI","Cuarto (UK)","2021-06-01",,"qt (UK)","Volumen"
"waybill_unidad_peso_PTL","PTL","Pinta líquida (estados unidos)","2021-06-01",,"liq pt (US)","Volumen"
"waybill_unidad_peso_QTL","QTL","Cuarto de líquido (estadis unidos)","2021-06-01",,"liq qt (US)","Volumen"
"waybill_unidad_peso_PTD","PTD","Pinta seca (estados unidos)","2021-06-01",,"dry pt (US)","Volumen"
"waybill_unidad_peso_OZI","OZI","Onza líquida (UK)","2021-06-01",,"fl oz (UK)","Volumen"
"waybill_unidad_peso_QT","QT","Cuarto (EUA)","2021-06-01",,"Qt (US)","Volumen"
"waybill_unidad_peso_J57","J57","Barril (uk petróleo)","2021-06-01",,"bbl (UK liq.)","Volumen"
"waybill_unidad_peso_K21","K21","Pie cúbico por grado fahrenheit","2021-06-01",,"ft³/°F","Volumen"
"waybill_unidad_peso_K23","K23","Pie cúbico por psi (libra por pulgada cuadrada)","2021-06-01",,"ft³/psi","Volumen"
"waybill_unidad_peso_L43","L43","Peck (UK)","2021-06-01",,"pk (UK)","Volumen"
"waybill_unidad_peso_L61","L61","Pinta (US seco)","2021-06-01",,"Pt (US seco)","Volumen"
"waybill_unidad_peso_L62","L62","Cuarto de galón (seco de los EUA)","2021-06-01",,"Qt (US seco)","Volumen"
"waybill_unidad_peso_L84","L84","Tonelada (flota UK)","2021-06-01",,"British shipping ton","Volumen"
"waybill_unidad_peso_L86","L86","Tonelada (flota estados unidos)","2021-06-01",,"(US) shipping ton","Volumen"
"waybill_unidad_peso_M11","M11","Yarda cúbica por grado fahrenheit","2021-06-01",,"yd³/°F","Volumen"
"waybill_unidad_peso_M14","M14","Yarda cúbica por psi (libra por pulgada cuadrada)","2021-06-01",,"yd³/psi","Volumen"
"waybill_unidad_peso_OZA","OZA","Onza líquida (estados unidos)","2021-06-01",,"fl oz (US)","Volumen"
"waybill_unidad_peso_BUI","BUI","Bushel (UK)","2021-06-01",,"bushel (UK)","Volumen"
"waybill_unidad_peso_BUA","BUA","Bushel (EUA)","2021-06-01",,"bu (US)","Volumen"
"waybill_unidad_peso_BLL","BLL","Barril (EUA)","2021-06-01",,"barrel (US)","Volumen"
"waybill_unidad_peso_BLD","BLD","Barril seco (EUA)","2021-06-01",,"bbl (US)","Volumen"
"waybill_unidad_peso_GLD","GLD","Galón seco (EUA)","2021-06-01",,"dry gal (US)","Volumen"
"waybill_unidad_peso_QTD","QTD","Cuarto seco (estados unidos)","2021-06-01",,"dry qt (US)","Volumen"
"waybill_unidad_peso_G26","G26","Estere","2021-06-01",,"st","Volumen"
"waybill_unidad_peso_G21","G21","Taza (unidad de volumen)","2021-06-01",,"cup (US)","Volumen"
"waybill_unidad_peso_G24","G24","Cucharada (estados unidos)","2021-06-01",,"tablespoon (US)","Volumen"
"waybill_unidad_peso_G25","G25","Cucharilla (estados unidos)","2021-06-01",,"teaspoon (US)","Volumen"
"waybill_unidad_peso_G23","G23","Peck","2021-06-01",,"pk (US)","Volumen"
"waybill_unidad_peso_M67","M67","Acre-pie","2021-06-01",,"acre-ft (US survey)","Volumen"
"waybill_unidad_peso_M68","M68","Cordón","2021-06-01",,"cord","Volumen"
"waybill_unidad_peso_M69","M69","Milla cúbica (reino unido)","2021-06-01",,"mi³","Volumen"
"waybill_unidad_peso_M70","M70","Unidad tradicional de capacidad de carga","2021-06-01",,"RT","Volumen"
"waybill_unidad_peso_Q32","Q32","Femtolitro","2021-06-01",,"fl","Volumen"
"waybill_unidad_peso_Q33","Q33","Picolitro","2021-06-01",,"pl","Volumen"
"waybill_unidad_peso_Q34","Q34","Nanolitro","2021-06-01",,"nl","Volumen"
"waybill_unidad_peso_NM3","NM3","Metro cúbico normalizado","2021-06-01",,,"Volumen"
"waybill_unidad_peso_SM3","SM3","Metro cúbico estándar","2021-06-01",,,"Volumen"
